{
    "n_lags": 3,
    "C": 0.10378037769432671,
    "epsilon": 0.11702983575779023,
    "gamma_type": "auto"
}