{
    "n_lags": 3,
    "C": 18.70698931651695,
    "epsilon": 0.010545260662286917,
    "gamma_type": "value",
    "gamma": 0.02116829182768353
}